{"board_id":1,"ts":209,"sensor_A":4.743000031,"sensor_B":4.028999805,"sensor_C":9.078000069}
{"board_id":1,"ts":3211,"sensor_A":4.743000031,"sensor_B":4.028999805,"sensor_C":9.078000069}
{"board_id":1,"ts":6216,"sensor_A":4.743000031,"sensor_B":4.028999805,"sensor_C":9.078000069}
{"board_id":1,"ts":9221,"sensor_A":4.743000031,"sensor_B":4.028999805,"sensor_C":9.078000069}
{"board_id":1,"ts":12227,"sensor_A":4.743000031,"sensor_B":4.028999805,"sensor_C":9.078000069}
{"board_id":1,"ts":15238,"sensor_A":4.743000031,"sensor_B":4.028999805,"sensor_C":9.078000069}
{"board_id":1,"ts":18236,"sensor_A":4.743000031,"sensor_B":4.097000122,"sensor_C":9.078000069}
{"board_id":1,"ts":21241,"sensor_A":4.743000031,"sensor_B":4.028999805,"sensor_C":9.078000069}
{"board_id":1,"ts":24246,"sensor_A":4.743000031,"sensor_B":4.131000042,"sensor_C":9.06099987}
{"board_id":1,"ts":27251,"sensor_A":4.743000031,"sensor_B":4.028999805,"sensor_C":9.078000069}
{"board_id":1,"ts":30256,"sensor_A":4.743000031,"sensor_B":4.028999805,"sensor_C":9.078000069}
{"board_id":1,"ts":33261,"sensor_A":4.743000031,"sensor_B":4.028999805,"sensor_C":9.078000069}
{"board_id":1,"ts":36266,"sensor_A":4.743000031,"sensor_B":4.028999805,"sensor_C":9.078000069}
{"board_id":1,"ts":39271,"sensor_A":4.743000031,"sensor_B":4.028999805,"sensor_C":9.078000069}
{"board_id":1,"ts":42278,"sensor_A":4.743000031,"sensor_B":4.028999805,"sensor_C":9.078000069}
{"board_id":1,"ts":45281,"sensor_A":4.743000031,"sensor_B":4.028999805,"sensor_C":9.078000069}